Barcode,celltype
AAAGTCCGTACTTCCC-1,Mix
AACAGGGCACGTACTA-1,Mix
AACAGGGGTTGTGGCC-1,Mix
AACCAACCAGCGATTT-1,Mix
AACCCAACACCCTTAC-1,Mix
AACCTGAAGATTCGAA-1,Mix
AACCTGATCCTAAACG-1,Mix
AAGCCATCATGACGTT-1,Mix
AAGCCATGTAGCGTCC-1,Mix
AAGTGAAGTGGCCTCA-1,Mix
AATCACGTCGAAATCC-1,Mix
AATCGACTCATACGAC-1,Mix
AATGACCTCTGTCCGT-1,Mix
ACAAAGAAGCGTGTTT-1,Mix
ACATCCCAGAACTCCT-1,Mix
ACATCCCCAATAAGGT-1,Mix
ACATGCAAGTGTACCT-1,Mix
ACCTGTCAGCAACCAG-1,Mix
ACCTGTCAGGTAGACC-1,Mix
ACGATCAGTCGGTAAG-1,Mix
ACGATGTCAAGCGATG-1,Mix
ACGCACGAGTCATGCT-1,Mix
ACGCACGCATGTAACC-1,Mix
ACGTAACGTCCTGTCT-1,Mix
ACGTAGTCATCGTTCC-1,Mix
ACGTCCTCAGTTTCAG-1,Mix
ACTATCTGTGCAACGA-1,Mix
ACTTCGCCACCAGCCA-1,Mix
AGAACAAAGAAGCGCT-1,Mix
AGAACAATCAGAGTTC-1,Mix
AGAACCTCATAATGAG-1,Mix
AGAAGTACAATGAAAC-1,Mix
AGACCATCACCAGACC-1,Mix
AGAGAGCTCTGCACCT-1,Mix
AGATCCAGTGGCTAGA-1,Mix
AGGAATACACTCCTTG-1,Mix
AGGCCACAGGTAACTA-1,Mix
AGGGCCTAGACATAGT-1,Mix
AGGGCTCCAGCTGTCG-1,Mix
AGGTCATGTCGTTCAA-1,Mix
AGTCACAGTGACACAG-1,Mix
AGTCTCCAGCCTATCA-1,Mix
AGTGATCAGTTAGAAC-1,Mix
ATACTTCCAACGTAAA-1,Mix
ATCACGACAGTGGGTA-1,Mix
ATCGGCGCAATGTCAC-1,Mix
ATCGTAGGTCACGTGC-1,Mix
ATCTTCACAGAACTTC-1,Mix
ATGCGATTCTTCTGGC-1,Mix
ATGGATCCACAATTCG-1,Mix
ATTACTCTCGCGTGCA-1,Mix
ATTCACTCAAACTCTG-1,Mix
ATTCACTTCTCCAATT-1,Mix
ATTCAGGAGTCATGAA-1,Mix
ATTCATCGTTGATGTC-1,Mix
ATTCTTGGTGACGCCT-1,Mix
ATTTCACCAGTGTGGA-1,Mix
ATTTCTGAGAATCGTA-1,Mix
ATTTCTGAGGAAGTAG-1,Mix
CAAGGGAGTCCCTGTT-1,Mix
CAATGACCAAGTTTGC-1,Mix
CACGAATCAGTCTTCC-1,Mix
CAGAGCCGTTACGGAG-1,Mix
CAGATACGTCAGACGA-1,Mix
CATCAAGGTATTCCTT-1,Mix
CATCAAGTCCGATGCG-1,Mix
CATCCGTTCTGCTAGA-1,Mix
CATGGATGTCTCAGGC-1,Mix
CCCAACTGTCAGGAGT-1,Mix
CCCGAAGCATCCTTGC-1,Mix
CCCTCAAAGCTCGGCT-1,Mix
CCCTCAATCTAGCAAC-1,Mix
CCGATCTCAGCTATTG-1,Mix
CCGGACATCTTGCAAG-1,Mix
CCGGGTAAGGAAGTAG-1,Mix
CCGTGAGTCGGTATGT-1,Mix
CCTCTCCTCTGGACCG-1,Mix
CCTGCATGTAAGTTGA-1,Mix
CCTGTTGTCATGGAGG-1,Mix
CGAAGTTTCAAGCCAT-1,Mix
CGAGGCTGTGTCCATA-1,Mix
CGCATAAGTGTGGACA-1,Mix
CGCATGGGTACGGCAA-1,Mix
CGCGTGAAGGTAATCA-1,Mix
CGTAAGTGTTAAGGAT-1,Mix
CGTCCATGTACTCCCT-1,Mix
CTAACTTAGAGGTTTA-1,Mix
CTCAAGAGTACATACC-1,Mix
CTCATGCGTCGAATGG-1,Mix
CTCCATGGTGTGGTCC-1,Mix
CTCCCAAAGAGCAGTC-1,Mix
CTCCTCCAGCTTCTAG-1,Mix
CTCTCGAGTCTTGAAC-1,Mix
CTCTGGTTCAACCTTT-1,Mix
CTGCTCACACCGTCGA-1,Mix
CTGTACCAGGGATGTC-1,Mix
CTGTAGATCCGAGTGC-1,Mix
CTGTGAAAGCTCTGTA-1,Mix
CTTAGGACATGGCTAT-1,Mix
CTTGAGACATAGGTAA-1,Mix
CTTGATTCACAACGCC-1,Mix
GAAACCTAGTTCAACC-1,Mix
GAAACCTGTTCGGTAT-1,Mix
GAACTGTTCAGCTCTC-1,Mix
GAACTGTTCTCTCGCA-1,Mix
GAAGGACTCAGCCCAG-1,Mix
GAAGGGTGTATGGAAT-1,Mix
GACAGCCAGACATACA-1,Mix
GACATCATCGCTGTCT-1,Mix
GACTGATGTCCTGAAT-1,Mix
GAGACCCAGCCTATCA-1,Mix
GAGTCATAGAAATCCA-1,Mix
GATAGAACAACTTGGT-1,Mix
GATCAGTTCTCGGTAA-1,Mix
GATCGTACATGTCTAG-1,Mix
GATCGTATCTTCCTAA-1,Mix
GATGATCTCCAGTACA-1,Mix
GATTCTTAGCCTTTGA-1,Mix
GCAACATAGAGCAGAA-1,Mix
GCACATACACGCCACA-1,Mix
GCAGCCAGTGACGTCC-1,Mix
GCAGGCTAGATCCGAG-1,Mix
GCAGGCTGTCCGGTCA-1,Mix
GCCCGAATCTATCGTT-1,Mix
GCTACAATCAGTGATC-1,Mix
GCTGCAGTCTATTCGT-1,Mix
GCTTCACCACGGTGTC-1,Mix
GGACGTCGTTGCTCCT-1,Mix
GGAGAACAGCAGGTCA-1,Mix
GGCACGTGTTGACTGT-1,Mix
GGCAGTCGTGATCATC-1,Mix
GGCTTTCAGGAACGAA-1,Mix
GGGAAGTAGGCAGGGA-1,Mix
GGGCGTTAGACTGAGC-1,Mix
GGTCACGAGTAAACAC-1,Mix
GGTGATTAGTTAACAG-1,Mix
GTAACCAAGTGGCCTC-1,Mix
GTACAGTTCTTTCCAA-1,Mix
GTAGATCCATGCTGCG-1,Mix
GTAGGTTTCAGCTGTA-1,Mix
GTCAAACCAGTAGAGC-1,Mix
GTCACTCAGCGCAATG-1,Mix
GTCCCATCATTCGGGC-1,Mix
GTCGTTCGTAAGAACT-1,Mix
GTGCGTGGTCAGTCTA-1,Mix
GTGGAAGTCCTCTCTT-1,Mix
GTGGAGATCAGCGGAA-1,Mix
TACACCCAGCTTTCCC-1,Mix
TACATTCGTGCCTTTC-1,Mix
TACCCACTCCATATGG-1,Mix
TACCGAACACCAGTTA-1,Mix
TACTGCCTCAGCGCAC-1,Mix
TACTTCATCGTGGGAA-1,Mix
TATACCTTCGACGCGT-1,Mix
TATCAGGCAGCTATTG-1,Mix
TATTCCATCTAGTACG-1,Mix
TCAAGACCATCGGTTA-1,Mix
TCAATCTTCCAGCAAT-1,Mix
TCACACCCATAAGCAA-1,Mix
TCACACCTCCCAGCGA-1,Mix
TCACGCTAGTGGGAAA-1,Mix
TCACGGGCAACACGAG-1,Mix
TCACTATGTTCTCAGA-1,Mix
TCAGGGCAGGTTGTTC-1,Mix
TCAGTTTAGTCAAGCG-1,Mix
TCATATCGTCGTGCCA-1,Mix
TCATCATGTGACATCT-1,Mix
TCCATCGAGCTCAGAG-1,Mix
TCCTCCCAGGTCCGAA-1,Mix
TCCTCTTTCGCAGATT-1,Mix
TCGACCTAGTGATCGG-1,Mix
TCGACGGGTGTCCTAA-1,Mix
TCGGATACAAATGCGG-1,Mix
TCGGTCTGTCCTTGTC-1,Mix
TCGGTCTTCCGGTAAT-1,Mix
TCTACATTCCATTGCC-1,Mix
TCTACCGAGAGCGACT-1,Mix
TCTCTGGGTAACGGTG-1,Mix
TCTTCCTTCTCGAACA-1,Mix
TCTTGCGCAACTACGT-1,Mix
TCTTGCGCATAGGTTC-1,Mix
TCTTGCGTCACCCTTG-1,Mix
TGAATGCAGTACTCGT-1,Mix
TGACGCGCAGTGACCC-1,Mix
TGAGCATGTTTCGTAG-1,Mix
TGAGCGCGTTCACGAT-1,Mix
TGCAGTAGTGCAATAA-1,Mix
TGCCGAGCATGACTGT-1,Mix
TGCGGGTTCTTTGGAG-1,Mix
TGGATCAAGCCTTTCC-1,Mix
TGGGAAGTCTACGGGC-1,Mix
TGGGCGTTCCGACATA-1,Mix
TGTCAGAAGTCTGCGC-1,Mix
TGTGCGGAGGTCGTGA-1,Mix
TGTTCTACACACTTAG-1,Mix
TTACAGGTCAACTGGT-1,Mix
TTACCATAGGCGACAT-1,Mix
TTACGCCGTGTTTACG-1,Mix
TTCACGCTCTCTTAAC-1,Mix
TTCGCTGGTTCCTTGC-1,Mix
TTCTAACCATGGGTTT-1,Mix
TTCTAACGTATTTCCT-1,Mix
TTCTAGTCAACCGATT-1,Mix
TTCTAGTTCTGTAACG-1,Mix
TTGGATGGTTGTTTGG-1,Mix
TTGGGCGAGGGTGAGG-1,Mix
TTTACTGGTAGACAAT-1,Mix
TTTAGTCAGCTCATAC-1,Mix
TTTAGTCAGCTGGCTC-1,Mix
TTTGGAGTCTGAGGCC-1,Mix
AAACGAACATAATCGC-2,Mix
AAAGTCCGTACCATAC-2,Mix
AACCCAAGTTTCAGAC-2,Mix
AAGCGAGAGATAGTCA-2,Mix
AAGCGAGGTCCACTCT-2,Mix
AAGTGAAAGCTGAAGC-2,Mix
AATAGAGGTGCTCTTC-2,Mix
AATCGTGCACTGTTCC-2,Mix
AATGACCTCGTGGAAG-2,Mix
AATTCCTGTGAGTCAG-2,Mix
AATTTCCGTTCTCACC-2,Mix
ACACAGTTCACTGTTT-2,Mix
ACAGCCGTCACAAGGG-2,Mix
ACATCCCTCTTGTTAC-2,Mix
ACCAAACCACCGTGAC-2,Mix
ACCGTTCTCCCGTAAA-2,Mix
ACCTACCGTCACTTAG-2,Mix
ACGATCATCTCACGAA-2,Mix
ACGCACGCACTAACCA-2,Mix
ACGGGTCTCAGCTCTC-2,Mix
ACGGTCGAGTCTCCTC-2,Mix
ACGGTCGGTATTGACC-2,Mix
ACGTACATCACAACCA-2,Mix
ACTATCTAGTAATACG-2,Mix
ACTATCTGTTTGTTCT-2,Mix
ACTATTCCAACCCTAA-2,Mix
ACTGTGAGTGGGTTGA-2,Mix
ACTTAGGTCAGGTAAA-2,Mix
ACTTCCGAGTGGATTA-2,Mix
AGACAAAGTCTCAGGC-2,Mix
AGACAGGGTCCGTACG-2,Mix
AGAGAATTCGGAGCAA-2,Mix
AGAGCCCCACTGGACC-2,Mix
AGAGCCCGTATGAAGT-2,Mix
AGATCCATCTTAGTTC-2,Mix
AGATCGTTCCTGCTAC-2,Mix
AGATGCTCAGCGTACC-2,Mix
AGGATAAAGGTGATCG-2,Mix
AGGGCTCCAGTAGTTC-2,Mix
AGTACTGAGCCTCGTG-2,Mix
AGTACTGGTAAGCGGT-2,Mix
AGTCAACGTCGACTTA-2,Mix
AGTCAACTCGCTGTCT-2,Mix
AGTCATGCACCTCTGT-2,Mix
AGTCTCCTCCAAGCCG-2,Mix
AGTGATCAGGATGTTA-2,Mix
AGTGCCGAGTTACGAA-2,Mix
AGTGCCGCAGAGATTA-2,Mix
AGTTAGCCAGTTTGGT-2,Mix
AGTTAGCGTTGGGAAC-2,Mix
ATACCGATCCAAAGGG-2,Mix
ATATCCTAGCTAATGA-2,Mix
ATCACTTAGGTCATAA-2,Mix
ATCACTTCAGAGCGTA-2,Mix
ATCCACCGTATGCTAC-2,Mix
ATCCCTGTCAGTAGGG-2,Mix
ATCGGCGTCTATGCCC-2,Mix
ATGAGTCTCTTCCCAG-2,Mix
ATGCGATCAGTGTATC-2,Mix
ATGGGAGTCAACTTTC-2,Mix
ATTCATCGTGCATACT-2,Mix
ATTCCATGTTCTGACA-2,Mix
ATTCTACCAGGTTCGC-2,Mix
ATTTCTGCATCAGCGC-2,Mix
CAACAACAGTCTTGGT-2,Mix
CAATACGTCTCTGAGA-2,Mix
CACCAAACATTACTCT-2,Mix
CACGAATAGTGATAGT-2,Mix
CACGTTCTCACCTTGC-2,Mix
CAGCCAGGTATACAGA-2,Mix
CAGCGTGGTCCACTTC-2,Mix
CAGGGCTTCTCATGGA-2,Mix
CAGTTCCCACTATCCC-2,Mix
CATACTTGTGCGTGCT-2,Mix
CATCCCATCCATCTGC-2,Mix
CATGAGTCAGAGAGGG-2,Mix
CCAATGAAGCCATGCC-2,Mix
CCAATTTGTGTCCGGT-2,Mix
CCACCATTCTTAGCCC-2,Mix
CCCGGAACAGACACCC-2,Mix
CCCTCAACAATCGCGC-2,Mix
CCCTCAACATGCCATA-2,Mix
CCCTCTCAGGATGCGT-2,Mix
CCCTGATCAGTAACGG-2,Mix
CCCTTAGAGGGTTTCT-2,Mix
CCGCAAGAGCTGGCCT-2,Mix
CCGGTAGTCGGTAACT-2,Mix
CCGTAGGAGCACCAGA-2,Mix
CCGTTCAAGGCACGAT-2,Mix
CCTCATGGTGCCGGTT-2,Mix
CGAGAAGGTGCCCACA-2,Mix
CGAGGCTAGACGGTTG-2,Mix
CGAGTGCTCTCGTCAC-2,Mix
CGATGGCGTGGAATGC-2,Mix
CGGAACCAGGCACCAA-2,Mix
CGGGACTTCCATACAG-2,Mix
CGTCAAAAGTAAGACT-2,Mix
CGTCCATAGAAGTCAT-2,Mix
CGTGCTTTCGCAATTG-2,Mix
CGTTCTGGTCGAACGA-2,Mix
CTACCCATCCATCTCG-2,Mix
CTACGGGTCTGGGCAC-2,Mix
CTACTATTCTTAAGGC-2,Mix
CTAGACATCGAGTCCG-2,Mix
CTAGACATCGGCATTA-2,Mix
CTATCTAAGTGGGAAA-2,Mix
CTATCTATCTGTGCTC-2,Mix
CTCAATTGTCCAGCAC-2,Mix
CTCAGAACAGAGGCAT-2,Mix
CTCCCTCAGTAAACTG-2,Mix
CTGCTCATCTCTAAGG-2,Mix
CTGGACGTCAAATGAG-2,Mix
CTTGAGAAGCGGTAGT-2,Mix
GAAGAATTCGCCCAGA-2,Mix
GACAGCCCATATCGGT-2,Mix
GACCAATCAGAGAAAG-2,Mix
GACCGTGAGTTCTACG-2,Mix
GACGCTGGTATCAAGA-2,Mix
GACTATGCATGTGCTA-2,Mix
GACTTCCTCGACCCAG-2,Mix
GAGTGTTAGTCGAAAT-2,Mix
GATCATGAGCTGTCCG-2,Mix
GATCATGCAGCTCATA-2,Mix
GATGATCTCGGTAACT-2,Mix
GATGCTATCTGTAACG-2,Mix
GCACGTGCACGCTGAC-2,Mix
GCAGCTGCAGAATGTA-2,Mix
GCAGTTATCATTTACC-2,Mix
GCCAGTGCATTCTCCG-2,Mix
GCCATGGGTACTCGTA-2,Mix
GCCCGAAAGATTCGCT-2,Mix
GCCGTGAGTTCCTTGC-2,Mix
GCCTGTTGTTGTCCCT-2,Mix
GCGATCGGTAGGATAT-2,Mix
GCGGATCGTTGAGTCT-2,Mix
GCGTGCAGTTAGTTCG-2,Mix
GCTACCTCAAGACAAT-2,Mix
GCTGAATCACAGAGAC-2,Mix
GGAGGTACACATTGTG-2,Mix
GGATCTAAGATGTTAG-2,Mix
GGCTTGGTCCAAAGGG-2,Mix
GGCTTTCTCGCAGATT-2,Mix
GGGACCTTCAGATTGC-2,Mix
GGGACCTTCCGGCTTT-2,Mix
GGGATGAAGAATTGCA-2,Mix
GGGCCATCATTGACAC-2,Mix
GGGCGTTAGAGCATTA-2,Mix
GGTTAACGTCACCCTT-2,Mix
GGTTCTCCAACCACAT-2,Mix
GGTTCTCCAGCGGTTC-2,Mix
GGTTGTACAGCTACAT-2,Mix
GTAACCACAAGAGGCT-2,Mix
GTAATCGTCTCCAATT-2,Mix
GTACAACTCTCCCAAC-2,Mix
GTACAGTCACGTACAT-2,Mix
GTAGAAAGTCTGTGTA-2,Mix
GTAGAGGGTCACGACC-2,Mix
GTAGATCAGGAGTCTG-2,Mix
GTAGATCCACATACGT-2,Mix
GTCACTCCAGCCTACG-2,Mix
GTCATGATCGATCCAA-2,Mix
GTCCACTGTTATGTCG-2,Mix
GTCCCATGTCTCGGGT-2,Mix
GTCGTTCTCCGCGATG-2,Mix
GTCTAGACAATTCACG-2,Mix
GTCTGTCTCCTACACC-2,Mix
GTGAGGATCAGGAAAT-2,Mix
GTGAGTTTCTCCGAAA-2,Mix
GTGATGTTCAACGAGG-2,Mix
GTGATGTTCGCTGTTC-2,Mix
GTGCACGGTATCGCAT-2,Mix
GTGCAGCTCGTAGGGA-2,Mix
GTGCGTGGTCGTTCAA-2,Mix
GTGGAGAAGGCCACCT-2,Mix
GTGGCGTTCGGCGATC-2,Mix
GTGTCCTAGCGACTAG-2,Mix
GTGTGGCCAAGATGGC-2,Mix
GTGTGGCTCAGCCTCT-2,Mix
GTTCATTGTATGACAA-2,Mix
GTTCCGTCAAGCCCAC-2,Mix
GTTCCGTTCGGTAACT-2,Mix
GTTGAACTCTTTCTAG-2,Mix
GTTGCTCTCACGTAGT-2,Mix
GTTGTAGGTTCTCGTC-2,Mix
GTTTACTGTCAAACGG-2,Mix
TAACCAGGTTCAGCGC-2,Mix
TAAGCACAGTCGCGAA-2,Mix
TACGCTCAGTCATCCA-2,Mix
TACGCTCCACCGGAAA-2,Mix
TAGACTGAGCTAAACA-2,Mix
TAGACTGAGTCATCCA-2,Mix
TAGGGTTCATGCCGGT-2,Mix
TAGGTTGAGAGTCGAC-2,Mix
TATTGGGCAGCTACTA-2,Mix
TATTGGGTCGCTAATG-2,Mix
TCACACCCACTGCATA-2,Mix
TCACACCGTTTGGCTA-2,Mix
TCACATTAGGATATAC-2,Mix
TCAGCAATCTCTATGT-2,Mix
TCAGGTATCTTACCAT-2,Mix
TCAGTCCTCTGGGCGT-2,Mix
TCAGTTTAGACGACTG-2,Mix
TCATACTGTTGGAGAC-2,Mix
TCATGGACAGCCTACG-2,Mix
TCATGGACATAACAGA-2,Mix
TCATTCACATGTCAGT-2,Mix
TCATTTGCACCGGAAA-2,Mix
TCATTTGGTCCTGGGT-2,Mix
TCATTTGTCAGCACCG-2,Mix
TCCACCAAGGTATTGA-2,Mix
TCCATGCAGTTGGACG-2,Mix
TCCGTGTTCGTCGACG-2,Mix
TCGAACAGTATGTCAC-2,Mix
TCGAAGTCAACTTGCA-2,Mix
TCGCACTTCCATTTCA-2,Mix
TCGGATATCCTCACTG-2,Mix
TCGTGGGAGTTGGAAT-2,Mix
TCTCTGGAGAGTTGAT-2,Mix
TCTGTCGGTGTCACAT-2,Mix
TCTTAGTTCGTTGTGA-2,Mix
TCTTGCGGTTTATGCG-2,Mix
TGACGCGAGGTTGAGC-2,Mix
TGACTCCTCTAGTACG-2,Mix
TGAGACTCAGAACATA-2,Mix
TGAGACTTCCGTGTAA-2,Mix
TGAGCATAGACGGTCA-2,Mix
TGAGGAGAGATCACCT-2,Mix
TGAGGTTGTTATAGAG-2,Mix
TGAGGTTTCATGTCAG-2,Mix
TGATCAGGTAGATTAG-2,Mix
TGATTTCAGTCTCGTA-2,Mix
TGCAGGCGTGAGCAGT-2,Mix
TGCAGTAAGATCGGTG-2,Mix
TGCCGAGGTAGCGTTT-2,Mix
TGCTGAACAAATGGTA-2,Mix
TGGGAAGAGATGGCGT-2,Mix
TGGGAAGGTAATACCC-2,Mix
TGGGAGACAACTGGTT-2,Mix
TGGGTTAAGAAGCTGC-2,Mix
TGTAACGTCAGATGCT-2,Mix
TGTAAGCAGGAACGAA-2,Mix
TGTAGACGTCTGTGTA-2,Mix
TGTCCTGTCCAATCTT-2,Mix
TGTGCGGGTCTCTCCA-2,Mix
TGTGGCGAGTGACACG-2,Mix
TGTTGAGTCGGCACTG-2,Mix
TGTTTGTCACGACGAA-2,Mix
TTACGCCTCTACGGTA-2,Mix
TTACTGTCACAGTACT-2,Mix
TTACTGTGTCGAATTC-2,Mix
TTAGTCTTCTTGATTC-2,Mix
TTCCAATCATGGAAGC-2,Mix
TTCCACGCAATTGCAC-2,Mix
TTCCACGTCGCCTTTG-2,Mix
TTCCACGTCGTACACA-2,Mix
TTCCTAAGTTATGACC-2,Mix
TTCCTTCCATAACTCG-2,Mix
TTCGGTCCACCAGACC-2,Mix
TTCGGTCCACCTCAGG-2,Mix
TTCTTGAAGCTTAAGA-2,Mix
TTGATGGGTTGGACTT-2,Mix
TTGATGGTCGATACAC-2,Mix
TTGATGGTCTGAGGTT-2,Mix
TTGCCTGCAACAGATA-2,Mix
TTGCTGCAGAGCTGAC-2,Mix
TTGCTGCCACTATGTG-2,Mix
TTGGATGGTCAAGCCC-2,Mix
TTGGATGGTGGCGCTT-2,Mix
TTGGGATAGACGGATC-2,Mix
TTGGGATCAATCGCAT-2,Mix
TTGTTGTCACCATTCC-2,Mix
TTTACCACATAGTCAC-2,Mix
TTTACCATCTTCGTAT-2,Mix
TTTCATGAGCTGGCCT-2,Mix
TTTCGATTCAAGTAAG-2,Mix
TTTGGTTGTTTGGAAA-2,Mix
AAAGAACCAAGATTGA-3,Mix
ACAGGGATCCTCACCA-3,Mix
ACGATCATCCTTCACG-3,Mix
ACTGTGATCATGGTAC-3,Mix
AGACCATGTAGGTACG-3,Mix
AGGTAGGAGGGATGTC-3,Mix
ATCCATTCAGCATTGT-3,Mix
CAACGATTCGACGCTG-3,Mix
CCCTAACCACTTGTCC-3,Mix
CCGTGAGGTACCCGAC-3,Mix
CCTTCAGCATCCAATG-3,Mix
CTGCAGGGTGAGTAGC-3,Mix
GACTCAACAGCGTTTA-3,Mix
GCAGTTATCCATGATG-3,Mix
GCTGGGTGTACTCGTA-3,Mix
GGGACAATCAGGCGAA-3,Mix
GGGTCTGGTCGAATTC-3,Mix
GGTAGAGCATGGGATG-3,Mix
GTCTAGAGTTGCGGAA-3,Mix
GTGCTGGCACCAGTAT-3,Mix
GTGGCGTTCACGTCCT-3,Mix
TCACGGGAGTGCTACT-3,Mix
TCCATCGCAAACACCT-3,Mix
TCCTCGATCTCCCTAG-3,Mix
TCGTGCTCATGACAGG-3,Mix
TGGGCTGGTGATGTAA-3,Mix
TGTAGACCACCAGCCA-3,Mix
TTTACCAGTAGCGCTC-3,Mix
AAACGCTGTCGCGGTT-4,Mix
AAATGGACAGACTGCC-4,Mix
AACAAGACATAGACTC-4,Mix
AAGACAAGTCATGACT-4,Mix
AAGACTCTCTTTCAGT-4,Mix
AATGAAGAGTGGAAAG-4,Mix
AATGAAGCAGCCATTA-4,Mix
AATTTCCCATTGTGCA-4,Mix
AATTTCCTCTGCTTAT-4,Mix
ACAAGCTGTTCGGTCG-4,Mix
ACACGCGGTTGATGTC-4,Mix
ACAGGGAGTATCAAGA-4,Mix
ACAGGGAGTGGCGTAA-4,Mix
ACATCGACATACAGAA-4,Mix
ACCACAATCACGAACT-4,Mix
ACCACAATCGTTAGAC-4,Mix
ACGATCAGTGCACAAG-4,Mix
ACGGAAGAGTCAGCGA-4,Mix
ACGTCCTAGTGAACAT-4,Mix
ACTCTCGTCTTCCTAA-4,Mix
ACTTAGGTCTTCACAT-4,Mix
AGAAATGCAGAAATTG-4,Mix
AGAACCTAGCAGGCAT-4,Mix
AGAAGTAGTATAGGGC-4,Mix
AGACCATTCCTACTGC-4,Mix
AGAGCAGAGTCCTGCG-4,Mix
AGAGCCCCAACGCATT-4,Mix
AGATCGTTCATCTCTA-4,Mix
AGCCAGCCACTGTCCT-4,Mix
AGGACTTTCTTAGCCC-4,Mix
AGGGTTTTCGATACAC-4,Mix
AGGTCTAGTGCCTACG-4,Mix
AGGTTACGTGTCCACG-4,Mix
AGGTTGTGTCAAGCGA-4,Mix
AGTCAACCAGGCTATT-4,Mix
AGTCTCCTCCATCTCG-4,Mix
AGTGATCAGCAGTAAT-4,Mix
AGTGATCGTGAGTCAG-4,Mix
ATACTTCCAGACCTGC-4,Mix
ATCATTCTCAGTGTGT-4,Mix
ATCGTAGTCTGGCCGA-4,Mix
ATGACCAAGTGTAGAT-4,Mix
ATGGAGGAGTTCATCG-4,Mix
CAACAACGTCCTCCTA-4,Mix
CAAGACTAGGGCTAAC-4,Mix
CAATACGAGCCGAATG-4,Mix
CACACAACACATAGCT-4,Mix
CACGGGTGTACCACGC-4,Mix
CACGTTCAGCTGAGCA-4,Mix
CACTGTCCACGACGTC-4,Mix
CAGAGCCAGCACAAAT-4,Mix
CAGCAGCGTTCTTCAT-4,Mix
CATAAGCAGGAGAGGC-4,Mix
CATAAGCTCATTGCGA-4,Mix
CATAGACGTCGCTTGG-4,Mix
CATCCCAAGCGCCTTG-4,Mix
CATCGTCGTACGAAAT-4,Mix
CATGAGTCAGTCACGC-4,Mix
CATGAGTTCAGCTTCC-4,Mix
CATTCATCATATGCGT-4,Mix
CCAAGCGGTCCTGGGT-4,Mix
CCAAGCGTCATTTCGT-4,Mix
CCACACTAGCGACTGA-4,Mix
CCACTTGCAAGTGATA-4,Mix
CCCTCTCCACGTATAC-4,Mix
CCCTTAGAGTATGGCG-4,Mix
CCGAACGTCTCGGCTT-4,Mix
CCGATCTTCCTAGCGG-4,Mix
CCGCAAGAGCTGACCC-4,Mix
CCGGGTAAGATCGACG-4,Mix
CCTAAGATCCTTACCG-4,Mix
CCTACGTCACACCGAC-4,Mix
CCTATCGGTCTAGGTT-4,Mix
CCTCTCCCAAGCTGTT-4,Mix
CGAGGAACAAATGAAC-4,Mix
CGAGTGCTCCGCAAAT-4,Mix
CGCATGGGTCATCGGC-4,Mix
CGCCATTAGCGCCTTG-4,Mix
CGCCATTAGGGTCACA-4,Mix
CGCGTGAGTATGCGTT-4,Mix
CGGAACCGTGATCGTT-4,Mix
CGGAGAAAGCTTTGTG-4,Mix
CGGCAGTAGATGCAGC-4,Mix
CGGTCAGTCCGATCGG-4,Mix
CTACGGGTCCTATTGT-4,Mix
CTCAACCCACAAATCC-4,Mix
CTCAGGGAGAATCCCT-4,Mix
CTCCCAAAGCTACTGT-4,Mix
CTCCCAAAGTGCAAAT-4,Mix
CTCTCGAAGTCGAGGT-4,Mix
CTCTCGAAGTGCGACA-4,Mix
CTCTCGACACCTGATA-4,Mix
CTGCAGGGTAGAATAC-4,Mix
CTGCAGGGTCGTGGTC-4,Mix
CTGCGAGAGTGCCTCG-4,Mix
CTGCTCAGTTCCATTT-4,Mix
CTGGTCTAGCATGGGT-4,Mix
CTGTCGTCATTGCAAC-4,Mix
CTTCAATAGACATCCT-4,Mix
CTTCAATTCAGTGTGT-4,Mix
CTTCAATTCCAAAGGG-4,Mix
CTTCCGAGTTGCCATA-4,Mix
CTTCGGTGTACTCGCG-4,Mix
CTTCTAAAGCAGTAAT-4,Mix
GAACGTTAGTAGATCA-4,Mix
GACCTTCAGAGGTGCT-4,Mix
GACGTTAAGTGGCCTC-4,Mix
GACTATGCACACGCCA-4,Mix
GACTCTCAGTTGGGAC-4,Mix
GAGAGGTCAACGATCT-4,Mix
GAGCTGCAGGTTAGTA-4,Mix
GAGTTTGCACTGGCCA-4,Mix
GATAGAATCCATTCGC-4,Mix
GATGAGGTCGTGCTCT-4,Mix
GATGTTGCATCACCAA-4,Mix
GATTCGACACGACAGA-4,Mix
GATTTCTAGAGATCGC-4,Mix
GCATCGGCATCTATCT-4,Mix
GCCAACGAGTTTGTCG-4,Mix
GCCCAGAAGTTGAAAC-4,Mix
GCGATCGTCCTACACC-4,Mix
GCGGAAAGTACCGGCT-4,Mix
GCGGATCTCGTCTAAG-4,Mix
GCTACCTGTATTCCTT-4,Mix
GCTTCACCATGATAGA-4,Mix
GGAGATGTCGCTAGCG-4,Mix
GGAGCAACAAAGGAGA-4,Mix
GGAGCAAGTGGACCTC-4,Mix
GGGAAGTAGTGCTACT-4,Mix
GGGACAAAGGCCTGCT-4,Mix
GGGACCTTCTATCGGA-4,Mix
GGTAATCGTGCCCAGT-4,Mix
GGTAATCTCGTTACCC-4,Mix
GGTGAAGGTCGGATTT-4,Mix
GTAATCGCATAAGCGG-4,Mix
GTAGAAAAGGTAAGTT-4,Mix
GTAGAGGGTAACGATA-4,Mix
GTCAAGTGTTCCATTT-4,Mix
GTCATGACATGTTCGA-4,Mix
GTCGAATAGTCGTCTA-4,Mix
GTGACGCCACTCCTTG-4,Mix
GTGATGTCAGCCGTCA-4,Mix
GTGGAAGCAGGATTCT-4,Mix
GTGTTCCCACAGTATC-4,Mix
GTTAGTGCATCCGTGG-4,Mix
GTTAGTGTCCGCGAGT-4,Mix
GTTCGCTAGAGAGTTT-4,Mix
GTTTGGAAGCCGATAG-4,Mix
TAACGACTCTAAGGAA-4,Mix
TAACTTCTCTTCACGC-4,Mix
TAAGCGTAGGTAGACC-4,Mix
TAAGCGTCATGCCGAC-4,Mix
TAAGTCGCACAGCATT-4,Mix
TAATTCCGTCACAGAG-4,Mix
TACAGGTGTAGGACTG-4,Mix
TACCCGTCAAGATCCT-4,Mix
TACCCGTGTTGGGTTT-4,Mix
TACTTACTCCTAGCGG-4,Mix
TAGACTGTCCTTACCG-4,Mix
TAGATCGGTCCAGGTC-4,Mix
TATTCCAAGTATAACG-4,Mix
TCACAAGCACCGGTCA-4,Mix
TCAGGGCCACATGAAA-4,Mix
TCAGTCCCAACCGCCA-4,Mix
TCATACTGTTCCGCGA-4,Mix
TCCCACAAGCTTCTAG-4,Mix
TCCCATGAGAGTTCGG-4,Mix
TCCCATGGTGTTAGCT-4,Mix
TCCTGCACATCACAGT-4,Mix
TCGAACACAATAAGGT-4,Mix
TCGAAGTGTAGAGTTA-4,Mix
TCGACGGCAGTATACC-4,Mix
TCGGGACTCCTGTACC-4,Mix
TCGGGCAAGGGTACGT-4,Mix
TCGTAGAGTGGCCACT-4,Mix
TCTCAGCGTAAGTAGT-4,Mix
TCTGCCATCGCGTGAC-4,Mix
TCTTCCTTCCATTCGC-4,Mix
TCTTGCGCAACACGTT-4,Mix
TCTTTGACAGTCGGAA-4,Mix
TGAATGCAGCATCAGG-4,Mix
TGACAGTTCCTCTCTT-4,Mix
TGAGCATGTGTGTGGA-4,Mix
TGATTCTCAGACTGCC-4,Mix
TGCACGGGTTGCCAAT-4,Mix
TGCACGGTCGGAGTGA-4,Mix
TGCATGATCCGCGATG-4,Mix
TGCGGGTCAACGACTT-4,Mix
TGGAGAGTCGTAGTGT-4,Mix
TGGGATTAGACAACTA-4,Mix
TGGTGATTCGCAATTG-4,Mix
TGGTTAGAGCTGTGCC-4,Mix
TGTGGCGCACAATTCG-4,Mix
TGTGGCGGTTGCCGCA-4,Mix
TGTGTGAAGATCACCT-4,Mix
TGTTACTAGCTCGTGC-4,Mix
TGTTGGACAAGCCCAC-4,Mix
TTAGGCACAATGACCT-4,Mix
TTCAGGATCTCGAACA-4,Mix
TTCCTAACACACTTAG-4,Mix
TTCTGTACACGACGCT-4,Mix
TTCTTCCTCGAGCTGC-4,Mix
TTGATGGTCATTCCTA-4,Mix
TTTACCAAGTAGGTTA-4,Mix
TTTACGTCACTTCAAG-4,Mix
TTTACTGCAGCTCGGT-4,Mix
TTTCAGTAGTGCCTCG-4,Mix
TTTCATGCAACTTGGT-4,Mix
TTTCATGCATCGGAAG-4,Mix
TTTGACTCAAATAAGC-4,Mix
TTTGGAGGTGACAGCA-4,Mix
TTTGGAGTCTCCCATG-4,Mix
TTTGGTTCAACGACAG-4,Mix
TTTGGTTCACCGGAAA-4,Mix
AAGTTCGCAGCTATAC-5,Mix
ACTGTCCCATCTGCGG-5,Mix
AGGTCATAGTGGTGGT-5,Mix
CCCTCAATCTCGGTCT-5,Mix
CCGGTGATCGACATTG-5,Mix
CGATCGGAGGATACCG-5,Mix
CTTCTCTCAAGCGCAA-5,Mix
GAGTGTTTCTTACCGC-5,Mix
GCGTTTCGTGACGTCC-5,Mix
GGTGGCTTCGCTAATG-5,Mix
TAAGTCGTCTCAGTCC-5,Mix
AACAAAGAGTGGCAGT-6,Mix
AACAACCGTTTGTGGT-6,Mix
AACAACCTCTGTCCGT-6,Mix
AACCCAATCTGGGCAC-6,Mix
AACTTCTCACCAAAGG-6,Mix
AAGAACAAGTTGCATC-6,Mix
AAGCCATTCCCTCGTA-6,Mix
AAGTCGTCACAACCGC-6,Mix
AATGAAGAGCGACTTT-6,Mix
AATGAAGGTGCTTCAA-6,Mix
ACAAGCTGTCTCGGGT-6,Mix
ACATCCCAGAGCAACC-6,Mix
ACATCCCTCAAATAGG-6,Mix
ACGATCACATCAGTCA-6,Mix
ACGGGTCCATCGTTCC-6,Mix
ACGTAACGTGCCCGTA-6,Mix
ACGTCCTAGCACTCAT-6,Mix
ACGTCCTCAAATCGGG-6,Mix
ACGTTCCTCTCTAGGA-6,Mix
ACTATCTCACAGCATT-6,Mix
ACTATCTTCCATTCAT-6,Mix
ACTTTGTCATCCGCGA-6,Mix
AGAAATGAGTGGATTA-6,Mix
AGACACTCACATCCCT-6,Mix
AGCCACGAGGTCGTAG-6,Mix
AGCGCCATCTCGGTCT-6,Mix
AGGCTGCGTGCTTCAA-6,Mix
AGGTAGGTCAGGCGAA-6,Mix
AGGTCATCAACAAGAT-6,Mix
AGTCAACTCCTTATGT-6,Mix
AGTGACTCACGACAAG-6,Mix
AGTGCCGGTCAGTCTA-6,Mix
AGTTCCCCAACTCCAA-6,Mix
ATACCTTAGCTATCTG-6,Mix
ATACCTTCATAGAAAC-6,Mix
ATACTTCTCGCCTCTA-6,Mix
ATAGACCTCACGTAGT-6,Mix
ATCAGGTTCGATTCCC-6,Mix
ATCCATTAGGTAAGAG-6,Mix
ATCCATTTCCTAAGTG-6,Mix
ATCCGTCAGAACAAGG-6,Mix
ATGCATGAGTCGAAAT-6,Mix
ATGGGAGCACTTGGGC-6,Mix
ATGTCTTGTATGACAA-6,Mix
ATGTCTTTCCATAGAC-6,Mix
ATTCACTGTGTCCTAA-6,Mix
ATTCCTATCCGTACGG-6,Mix
CAATTTCGTACAGTAA-6,Mix
CACAGGCTCAAGAGTA-6,Mix
CACATGACATGACAGG-6,Mix
CACTGAATCGAGTCTA-6,Mix
CACTGTCAGACCAGCA-6,Mix
CACTTCGGTCTCGCGA-6,Mix
CAGATACGTCGTTCAA-6,Mix
CAGCAATTCCCGATCT-6,Mix
CATAGACTCTCAGAAC-6,Mix
CATCAAGAGAGGGCGA-6,Mix
CATCAAGTCGCTAAAC-6,Mix
CATCGCTGTGAGTGAC-6,Mix
CATCGGGAGTCGGGAT-6,Mix
CATCGGGTCAGCCCAG-6,Mix
CATTCATAGTTAACAG-6,Mix
CATTCCGCATGACGAG-6,Mix
CATTCTAAGGTATAGT-6,Mix
CCACTTGAGACTGGGT-6,Mix
CCCATTGCAGGGCTTC-6,Mix
CCGATGGCATGTTTGG-6,Mix
CCGGACAGTACAGTTC-6,Mix
CCTGTTGTCTTTCAGT-6,Mix
CGACAGCCACTAGAGG-6,Mix
CGAGGAAGTGTAAACA-6,Mix
CGATGCGCATGACGAG-6,Mix
CGCGTGATCTCCGATC-6,Mix
CTAACTTGTTATAGAG-6,Mix
CTACCCAGTAGGGAGG-6,Mix
CTACCCATCTTCACAT-6,Mix
CTAGGTAGTACAAACA-6,Mix
CTCAACCTCCGTCAAA-6,Mix
CTCAGAACACTTCAGA-6,Mix
CTCCACATCCGCATAA-6,Mix
CTCCTTTCACGTCTCT-6,Mix
CTGAATGTCCATTGGA-6,Mix
CTGTACCAGCCGAATG-6,Mix
CTGTGAACAGTCGCAC-6,Mix
CTTCCTTAGCGTTACT-6,Mix
GAAATGATCGTAGGGA-6,Mix
GAATCGTGTCCTGGGT-6,Mix
GACCAATCACTAGTAC-6,Mix
GACCCAGAGTGTACAA-6,Mix
GACGCTGGTGAGGCAT-6,Mix
GACTGATGTGGCTTAT-6,Mix
GACTTCCAGAGAGCCT-6,Mix
GAGAAATTCCCGATCT-6,Mix
GAGATGGCATGGCCAC-6,Mix
GAGCTGCAGATGGTCG-6,Mix
GAGGCCTCAGTCTACA-6,Mix
GAGGGTATCCGGACTG-6,Mix
GATTCTTCACCACTGG-6,Mix
GCAACATCACATGACT-6,Mix
GCACGTGCAGCCTATA-6,Mix
GCATCTCCAAATAAGC-6,Mix
GCATGATTCATGTCTT-6,Mix
GCCAGGTCAAGCGGAT-6,Mix
GCCGATGCACTACCCT-6,Mix
GGAACCCAGGCGTTAG-6,Mix
GGAAGTGAGCACTCCG-6,Mix
GGAATCTGTGGCTTAT-6,Mix
GGAGGTAAGTTAACGA-6,Mix
GGCACGTGTTATCCAG-6,Mix
GGCACGTTCGCGTAGC-6,Mix
GGCAGTCCACAGTGAG-6,Mix
GGGTAGACATCCTTCG-6,Mix
GGGTGAAGTCGTTCAA-6,Mix
GGGTGTCCAACTGCCG-6,Mix
GGTGATTCATGACACT-6,Mix
GGTGTTACAGAATTCC-6,Mix
GTAAGTCGTACCTTCC-6,Mix
GTAGAAACAGGACGAT-6,Mix
GTAGCTAAGGCACTCC-6,Mix
GTCAAACGTGGTCTGC-6,Mix
GTCCTCAAGAACTTCC-6,Mix
GTCCTCACACACCTTC-6,Mix
GTCCTCAGTACTGCGC-6,Mix
GTCGCGACAACTGATC-6,Mix
GTCTGTCCACCGTACG-6,Mix
GTCTTTAAGAAAGCGA-6,Mix
GTGGAGAAGCATTGAA-6,Mix
GTTACCCAGTAGTCTC-6,Mix
GTTACGACAGTCGCTG-6,Mix
GTTCTATGTGTGCTTA-6,Mix
GTTGCTCAGAGGTTAT-6,Mix
GTTGTGAAGTATGATG-6,Mix
TAACCAGTCACGACTA-6,Mix
TAGAGTCAGATCACCT-6,Mix
TAGCACAGTGAATTGA-6,Mix
TATCGCCAGGAGAATG-6,Mix
TCCACGTCAAGCGGAT-6,Mix
TCCAGAAAGCGACTAG-6,Mix
TCCGATCAGGTCACCC-6,Mix
TCCTAATTCGTTAGAC-6,Mix
TCCTCGAAGTTGCCTA-6,Mix
TCCTCTTTCCGCACTT-6,Mix
TCCTTCTTCCGCTGTT-6,Mix
TCGGGACTCTCCATAT-6,Mix
TCGTAGATCTTCCTAA-6,Mix
TCTACCGTCCGTCCTA-6,Mix
TCTGTCGAGTACCCTA-6,Mix
TCTTCCTGTGTTTCTT-6,Mix
TCTTCCTGTTTCGATG-6,Mix
TGAATCGCAGTCGAGA-6,Mix
TGACAGTGTATCGCTA-6,Mix
TGACAGTTCTTCACAT-6,Mix
TGAGGGATCCGTTTCG-6,Mix
TGAGTCAGTACGTGAG-6,Mix
TGCAGGCCATTCACAG-6,Mix
TGCTCCACATGGTGGA-6,Mix
TGCTGAAAGATGAATC-6,Mix
TGCTTCGTCTCCACTG-6,Mix
TGCTTGCTCGTCAAAC-6,Mix
TGGAACTTCTTTCTAG-6,Mix
TGTAGACGTGGACTGA-6,Mix
TGTCCACTCCATACAG-6,Mix
TGTGATGAGCTCGTGC-6,Mix
TGTTCTACACACCTTC-6,Mix
TTAGGCACAGTGACCC-6,Mix
TTAGTCTGTAAGGTCG-6,Mix
TTCAATCCAGCTACAT-6,Mix
TTCAATCGTAGACACG-6,Mix
TTCAATCGTCTGTAAC-6,Mix
TTCCACGAGTTAGTGA-6,Mix
TTCGGTCCATAACAGA-6,Mix
TTCGGTCTCCACCTCA-6,Mix
TTCTCTCTCGCAACAT-6,Mix
TTCTCTCTCGGTTGTA-6,Mix
TTGAACGTCAACTGAC-6,Mix
AAACGCTCACCTTCGT-7,Mix
AAAGGTAGTTCAAGTC-7,Mix
AAAGTCCCAGAACTCT-7,Mix
AAAGTCCTCCCATTCG-7,Mix
AACAACCCAGCAGTGA-7,Mix
AACCAACCAAATAAGC-7,Mix
AACCTGACACCAGTAT-7,Mix
AACTTCTCAACCCTCT-7,Mix
AAGCGAGAGCTGGAGT-7,Mix
AAGCGAGGTTCGTAAC-7,Mix
AAGTTCGTCGTAGTCA-7,Mix
AATGAAGCAGGTGTTT-7,Mix
AATGCCAAGTCGCCAC-7,Mix
AATGGAACATTCTCCG-7,Mix
ACACCAACAATAACGA-7,Mix
ACACCAACACAGTCAT-7,Mix
ACATTTCTCCATCACC-7,Mix
ACCATTTCATGTTCGA-7,Mix
ACCATTTGTTCTAAGC-7,Mix
ACCCAAACAAGAGTGC-7,Mix
ACCTACCCACCCGTAG-7,Mix
ACCTGTCAGTCGCCCA-7,Mix
ACCTGTCTCGAAGCCC-7,Mix
ACGCACGAGTGCAAAT-7,Mix
ACGGAAGTCCAGCCTT-7,Mix
ACGGTTACAATAACCC-7,Mix
ACTATCTCAAAGCTAA-7,Mix
ACTATTCAGTCTTCGA-7,Mix
ACTGATGGTGTCCAAT-7,Mix
ACTTCCGAGTTGCGCC-7,Mix
ACTTCCGCAGCGTACC-7,Mix
ACTTTGTGTTAGGGTG-7,Mix
AGACCATAGACACACG-7,Mix
AGACCATCAGGACGAT-7,Mix
AGACCATGTAGACGGT-7,Mix
AGACCATTCGACACTA-7,Mix
AGAGAATTCCGAGAAG-7,Mix
AGATGCTTCCGCCTAT-7,Mix
AGCGCCATCTTTGATC-7,Mix
AGCGCTGAGACTTCAC-7,Mix
AGCTCAACACTCCCTA-7,Mix
AGCTCAATCTAGGCCG-7,Mix
AGGAATAAGTGAGGTC-7,Mix
AGGATAAAGCATCCCG-7,Mix
AGGGCTCCAGCCGTTG-7,Mix
AGGGCTCGTAACCAGG-7,Mix
AGGTCATGTAGAGGAA-7,Mix
AGGTGTTGTCAGTTTG-7,Mix
AGTACTGGTCTGTTAG-7,Mix
AGTCTCCTCCCTCAAC-7,Mix
AGTGACTGTGAGTCAG-7,Mix
ATAGACCTCGATGCTA-7,Mix
ATAGGCTTCATCCTAT-7,Mix
ATATCCTAGTAAGGGA-7,Mix
ATCAGGTTCTGCGGAC-7,Mix
ATCCGTCTCGTGCGAC-7,Mix
ATCCTATTCCACTAGA-7,Mix
ATCGCCTGTTACCTGA-7,Mix
ATCGGATTCTTACCGC-7,Mix
ATGATCGAGATGGGCT-7,Mix
ATGGATCCAGCATTGT-7,Mix
ATGGGAGCACGTCGTG-7,Mix
ATGTCCCAGGGCGAGA-7,Mix
ATGTCCCGTGACTCGC-7,Mix
ATTCACTTCCTGCTAC-7,Mix
ATTCCTACACCCAATA-7,Mix
ATTCGTTGTTCTTAGG-7,Mix
ATTCTTGAGCTAATCC-7,Mix
CAACAGTCAGTAACAA-7,Mix
CAACCAACAGCCTACG-7,Mix
CAACCTCCACCCAACG-7,Mix
CAATACGTCTTCCAGC-7,Mix
CAGCAGCGTGGAACCA-7,Mix
CAGTTAGCATCATTGG-7,Mix
CAGTTCCAGAGTATAC-7,Mix
CATCCGTGTAAGTCAA-7,Mix
CATCGGGGTTGTTGAC-7,Mix
CATGCAACATGAATCC-7,Mix
CATGCTCAGGTTCTTG-7,Mix
CATGGTAGTGTAGCAG-7,Mix
CATTGCCTCACGAACT-7,Mix
CCAATTTCACAGACGA-7,Mix
CCACCATAGGACTAAT-7,Mix
CCACGAGCAACCAATC-7,Mix
CCCGGAACAGCGACCT-7,Mix
CCCTCTCGTGTAGGAC-7,Mix
CCCTGATCACCGTACG-7,Mix
CCGCAAGCAGTCGCAC-7,Mix
CCGGGTACATGGATCT-7,Mix
CCGGTGAGTTTGGGAG-7,Mix
CCTATCGCAGATACCT-7,Mix
CCTCTAGGTATTCTCT-7,Mix
CCTTGTGGTTAATGAG-7,Mix
CGAGAAGCAAAGCGTG-7,Mix
CGAGAAGGTGCCCAGT-7,Mix
CGAGTGCCAGTGTGCC-7,Mix
CGCATAATCGAACACT-7,Mix
CGGAATTGTACGTGTT-7,Mix
CGGGCATAGCACAAAT-7,Mix
CGTCCATTCTCGTGAA-7,Mix
CGTTCTGAGTGCAGCA-7,Mix
CTCATCGAGCCAACCC-7,Mix
CTCATGCGTGCCCACA-7,Mix
CTCCGATGTCCTGAAT-7,Mix
CTCCTTTTCGTGTGGC-7,Mix
CTCTCAGCAGTCCCGA-7,Mix
CTGCTCAAGAAGCTCG-7,Mix
CTGTACCAGACTCTTG-7,Mix
CTTCCTTGTCCTGAAT-7,Mix
CTTGATTAGAGTCTTC-7,Mix
CTTGATTTCGTGACTA-7,Mix
GAACTGTGTGATTGGG-7,Mix
GAAGGACGTCATCCGG-7,Mix
GAATCGTGTGCTTCAA-7,Mix
GACATCAAGGCTTAAA-7,Mix
GACCAATCAGCAGAAC-7,Mix
GACCCAGAGTCCTGTA-7,Mix
GACCTTCCAACGATTC-7,Mix
GACGTTACAAAGAACT-7,Mix
GACGTTACATCCAATG-7,Mix
GACGTTATCGAGAAAT-7,Mix
GACTTCCTCTGTCGCT-7,Mix
GAGCTGCAGCCTATTG-7,Mix
GAGGCAAAGCCATTGT-7,Mix
GAGGCCTCACATCATG-7,Mix
GAGTCTACAGCGTACC-7,Mix
GAGTTTGTCTTAGCCC-7,Mix
GATCAGTCATCACGGC-7,Mix
GATCGTAAGCTTGTTG-7,Mix
GATGATCAGCATCCTA-7,Mix
GATGATCCAAGAGTGC-7,Mix
GATTGGTCACTTCCTG-7,Mix
GATTGGTTCCTTGAAG-7,Mix
GCACTAATCAAGCTGT-7,Mix
GCAGCTGTCCAGCAAT-7,Mix
GCAGCTGTCCGGTAGC-7,Mix
GCAGGCTTCGTGCTCT-7,Mix
GCAGTTACAAACCGGA-7,Mix
GCCAACGGTGAATTAG-7,Mix
GCGAGAACATGTACGT-7,Mix
GCGGAAAAGTCGCCAC-7,Mix
GCGGATCAGTATGCAA-7,Mix
GCGTTTCCACACCTTC-7,Mix
GCTGAATCAGCCATTA-7,Mix
GCTGCAGCAGATAAAC-7,Mix
GCTGCAGCATGGAATA-7,Mix
GGAACCCCATCTAACG-7,Mix
GGAATGGAGGTGTGAC-7,Mix
GGAGGTAAGGTCACTT-7,Mix
GGCTGTGCATTATGCG-7,Mix
GGCTTTCTCCCTCAAC-7,Mix
GGGAGATAGAATAGTC-7,Mix
GGGCCATTCTTACCAT-7,Mix
GGGTAGAAGGGTCTTT-7,Mix
GGGTCACGTGTAACGG-7,Mix
GGGTGTCAGCGAGTCA-7,Mix
GGTCTGGCAAGTCCCG-7,Mix
GTAACCAAGATCCTAC-7,Mix
GTAAGTCAGAAGGTAG-7,Mix
GTAATGCCAATCCTTT-7,Mix
GTACAACAGGATATAC-7,Mix
GTACAGTGTGCATGAG-7,Mix
GTAGAGGAGCCATGCC-7,Mix
GTATTGGTCTCCGATC-7,Mix
GTATTTCTCAGACCTA-7,Mix
GTCAAACCATTAAAGG-7,Mix
GTCACTCCAAGTACCT-7,Mix
GTCGTTCTCACCTGTC-7,Mix
GTCTACCAGGGCAACT-7,Mix
GTGCAGCAGGCGTTGA-7,Mix
GTTGTCCCAAAGGGCT-7,Mix
GTTGTGACAGGCTATT-7,Mix
GTTTACTTCGCCGTGA-7,Mix
TAACGACGTCGGCTAC-7,Mix
TAACGACTCCATCTCG-7,Mix
TAACTTCGTTGGCCTG-7,Mix
TACCGAACACAAACGG-7,Mix
TACCGGGTCTTAGGAC-7,Mix
TACGTCCAGCTCAGAG-7,Mix
TACTTGTTCCTGGTCT-7,Mix
TAGACTGAGAGAGTTT-7,Mix
TAGATCGCATTACTCT-7,Mix
TAGGTACCATGACGGA-7,Mix
TATACCTTCATCGTAG-7,Mix
TATACCTTCCTGTTGC-7,Mix
TATATCCCAAGATTGA-7,Mix
TATCAGGCACTTGGCG-7,Mix
TATCAGGTCTATTCGT-7,Mix
TATCTTGTCCGATGCG-7,Mix
TATCTTGTCGGCACTG-7,Mix
TATTTCGGTGCAGATG-7,Mix
TCAAGTGTCACGATCA-7,Mix
TCACACCGTGCTCCGA-7,Mix
TCAGGGCAGGTTGGTG-7,Mix
TCATACTGTCATTCCC-7,Mix
TCATGAGAGGGTGAGG-7,Mix
TCATTCATCGTGTGAT-7,Mix
TCCAGAAGTGTGATGG-7,Mix
TCCCAGTAGCGCATCC-7,Mix
TCCGGGATCCCTTGTG-7,Mix
TCCTCGAAGTCTTCCC-7,Mix
TCGAAGTGTTTGAACC-7,Mix
TCGCTCATCACAAGGG-7,Mix
TCGTAGACACAAGCTT-7,Mix
TCGTAGAGTAATCAAG-7,Mix
TCGTAGATCCCTCTAG-7,Mix
TCTCCGAGTTGTCAGT-7,Mix
TCTTGCGAGGAATTAC-7,Mix
TGACAGTTCGCGTGCA-7,Mix
TGACGCGGTGGGTCAA-7,Mix
TGACTCCGTTCTCAGA-7,Mix
TGAGCGCGTTTGTTCT-7,Mix
TGATCTTCATCGGATT-7,Mix
TGATGCACAGAGGACT-7,Mix
TGATTCTAGGCATCTT-7,Mix
TGCAGATGTCTCACGG-7,Mix
TGGAACTAGGACAACC-7,Mix
TGGAGAGTCCATGAGT-7,Mix
TGGATGTCACTCGATA-7,Mix
TGGTAGTCAGCAGAAC-7,Mix
TGGTAGTTCGCCTCTA-7,Mix
TGGTTAGAGCGTTCCG-7,Mix
TGGTTAGCAAACTGCT-7,Mix
TGTCAGAAGAGCCGAT-7,Mix
TGTGATGCAACCGTGC-7,Mix
TGTGATGTCATATGGC-7,Mix
TGTGATGTCTATCGCC-7,Mix
TGTGGCGAGGACGCTA-7,Mix
TGTGTGACAGTAGAAT-7,Mix
TGTTGGAAGTTGAATG-7,Mix
TTAATCCAGACTAAGT-7,Mix
TTAATCCAGGAGCAAA-7,Mix
TTACGCCGTAGGCTCC-7,Mix
TTCATGTTCGAGAACG-7,Mix
TTCCAATGTGAATATG-7,Mix
TTCCTCTCAACGACTT-7,Mix
TTCTAACGTCCACACG-7,Mix
TTCTGTAAGCATCGAG-7,Mix
TTCTTCCAGATTTGCC-7,Mix
TTGAACGAGCGGTAAC-7,Mix
TTGACCCTCTTCGACC-7,Mix
TTGTTTGGTCGGCCTA-7,Mix
TTTACGTTCAATCTTC-7,Mix
TTTATGCGTGTATCCA-7,Mix
TTTCAGTCAGACCAAG-7,Mix
TTTCCTCAGGCATGGT-7,Mix
ACGGGTCCATATGGCT-8,Mix
ACTCTCGCAGACGGAT-8,Mix
ACTTATCTCATCTGTT-8,Mix
AGACACTTCGATACGT-8,Mix
AGCATCAAGTCGAAAT-8,Mix
AGGGAGTCACAATTCG-8,Mix
AGGTCATGTACTGCCG-8,Mix
AGTACTGGTGAATGTA-8,Mix
ATGAAAGAGCGTGAAC-8,Mix
ATTTCACTCCGACATA-8,Mix
CAACAGTAGGACTATA-8,Mix
CAGATTGTCTTTCGAT-8,Mix
CATAAGCCAAACGTGG-8,Mix
CATACAGTCGCAATTG-8,Mix
CCACTTGCACAGACGA-8,Mix
CGAGGAACACCGCTGA-8,Mix
CTCCTCCGTTGAGAGC-8,Mix
CTTGAGATCCGAGAAG-8,Mix
GAAGCCCTCGTGGACC-8,Mix
GAGTCTATCTCAGTCC-8,Mix
GCAGGCTCATAACAGA-8,Mix
GCTGCAGAGCAAGGAA-8,Mix
GCTTTCGGTAGGCAAC-8,Mix
GGGACTCAGGTATTGA-8,Mix
GGTAGAGGTTGCCAAT-8,Mix
GTCAAACTCTACGCGG-8,Mix
GTGGGAACATCTAGAC-8,Mix
GTTCCGTTCGTGGAAG-8,Mix
GTTGTGATCGTCTACC-8,Mix
TAAGCACCAGATTCGT-8,Mix
TAAGCCACAGGCACTC-8,Mix
TACCGAACAGAGACTG-8,Mix
TCACGCTTCGTCTAAG-8,Mix
TCCTAATGTGCCCACA-8,Mix
TCGGGTGGTCATACCA-8,Mix
TCTGTCGGTTGACTAC-8,Mix
TGTTGGAAGCTAGAGC-8,Mix
TGTTGGATCCTCTCTT-8,Mix
TTAGGGTAGGGCAATC-8,Mix
TTCCACGTCTGCGTCT-8,Mix
TTCCGTGAGCCGATAG-8,Mix
TTGATGGGTGGAGGTT-8,Mix
TTGGGCGAGTTCCGTA-8,Mix
TTTACTGAGATTGTGA-8,Mix
TTTGGAGCATCCGTGG-8,Mix
AAAGAACCACCTATCC-9,Mix
ACGCACGTCCGATAGT-9,Mix
ACTTAGGAGGAGGCAG-9,Mix
ATCGCCTGTCCGGATC-9,Mix
ATTTCTGCACAGCTTA-9,Mix
CTTTCGGGTAGGCTCC-9,Mix
GACTCAATCACCACAA-9,Mix
GCACGGTCATGAATAG-9,Mix
GTCATTTGTACACGTT-9,Mix
TCCACGTAGCTAATCC-9,Mix
TTCTTGATCATTTCGT-9,Mix
TTTACGTCAAATGAAC-9,Mix
TTTGACTTCCGTGGTG-9,Mix
TTTGGTTCATAGGCGA-9,Mix
AAACGAAGTGTCATGT-10,Mix
AAAGAACGTATTTCTC-10,Mix
AAAGGATGTGCCTGAC-10,Mix
AACAACCTCCAAGCTA-10,Mix
AACAGGGAGGGCAATC-10,Mix
AACGGGATCATACAGC-10,Mix
AACTTCTCAGTCGAGA-10,Mix
AACTTCTTCGGCATCG-10,Mix
AAGACTCAGGTCCCTG-10,Mix
AAGCGTTAGTGTTCCA-10,Mix
AAGTGAACAGGTATGG-10,Mix
AAGTGAATCAGAGCAG-10,Mix
AATGGAAGTTAGGCCC-10,Mix
AATTCCTAGGTCCCTG-10,Mix
ACAACCAGTACGGCAA-10,Mix
ACAAGCTCACCGTGCA-10,Mix
ACACAGTGTAGGATAT-10,Mix
ACACCAAGTCAGACGA-10,Mix
ACACCAATCGCTGCGA-10,Mix
ACACTGAAGTCACGCC-10,Mix
ACAGCCGAGACGCAGT-10,Mix
ACATTTCTCGCGTGCA-10,Mix
ACCAACAGTAGTCTTG-10,Mix
ACCATTTGTTAGCGGA-10,Mix
ACCCAAAAGTCGGCAA-10,Mix
ACCTACCTCAATCTTC-10,Mix
ACCTGAATCCCATTCG-10,Mix
ACCTGAATCTTAGCCC-10,Mix
ACGGAAGTCATTTACC-10,Mix
ACGGAAGTCGCTCTAC-10,Mix
ACGGTCGCAGCGTTGC-10,Mix
ACGTTCCAGCTGGCTC-10,Mix
ACGTTCCAGCTTTCCC-10,Mix
ACTATTCGTATTCCTT-10,Mix
ACTTCCGGTTCTTCAT-10,Mix
AGAGCAGAGTACGTCT-10,Mix
AGATGCTAGGTGAGCT-10,Mix
AGCTCAAAGAAGCGAA-10,Mix
AGGAAATGTACAGAAT-10,Mix
AGGAAATTCCGCAGTG-10,Mix
AGGACTTTCGGCTGGT-10,Mix
AGGGAGTTCATCTACT-10,Mix
AGGGTCCCATTGCCGG-10,Mix
AGGGTCCGTTCGGGTC-10,Mix
AGGGTTTCACTACCGG-10,Mix
AGGTAGGAGCGTTACT-10,Mix
AGTAGCTGTCGCCACA-10,Mix
AGTGCCGGTGATTGGG-10,Mix
AGTTCGACAACGCCCA-10,Mix
ATAGGCTCACGGAAGT-10,Mix
ATCGTCCCACTGATTG-10,Mix
ATCGTCCTCATCCCGT-10,Mix
ATCGTGACATGGCTGC-10,Mix
ATCTCTAAGAACGCGT-10,Mix
ATGAGGGTCACGGGAA-10,Mix
ATGCATGGTAGTCGGA-10,Mix
ATGTCCCTCAGCAATC-10,Mix
ATGTCTTTCCAAGCAT-10,Mix
ATTCACTTCTAGACCA-10,Mix
ATTCACTTCTGAGATC-10,Mix
ATTCATCAGATACAGT-10,Mix
ATTCCCGTCTCGTTTA-10,Mix
ATTCGTTCATATCTCT-10,Mix
ATTCTTGCAGTCGGAA-10,Mix
ATTCTTGGTCCTCAGG-10,Mix
ATTGTTCTCTGTCTCG-10,Mix
ATTTACCGTCGTCGGT-10,Mix
CAACCAAGTCTAATCG-10,Mix
CAACGATGTACGTACT-10,Mix
CACAGGCCATGACACT-10,Mix
CACGAATGTTACGATC-10,Mix
CACGTTCCATGTTCGA-10,Mix
CAGCAGCCAGCGTTGC-10,Mix
CAGCGTGGTGTCTAAC-10,Mix
CATACAGTCGCTTTAT-10,Mix
CATAGACCAGGCGAAT-10,Mix
CATCGTCCATGATGCT-10,Mix
CATCGTCGTACTGGGA-10,Mix
CATGCGGGTACTCCGG-10,Mix
CATGGTAGTTAGAAAC-10,Mix
CCAATTTGTATCATGC-10,Mix
CCACACTTCCTATTTG-10,Mix
CCACGAGTCTCATGCC-10,Mix
CCACGAGTCTTCGATT-10,Mix
CCCGAAGTCTAGTTCT-10,Mix
CCGGACAGTGGAACAC-10,Mix
CCGGGTATCGTGCATA-10,Mix
CCTAACCCAGTGGGTA-10,Mix
CCTAACCCATCGTGGC-10,Mix
CCTAAGAGTGGTTTAC-10,Mix
CCTCAGTCACTATCCC-10,Mix
CCTGCATCAGGCCCTA-10,Mix
CCTGTTGCAGAATTCC-10,Mix
CCTGTTGGTGGCATCC-10,Mix
CGACAGCTCAAACTGC-10,Mix
CGCAGGTGTCCGTACG-10,Mix
CGCATAACAACCAACT-10,Mix
CGCATAATCACCCATC-10,Mix
CGGACACCAGACGCTC-10,Mix
CGGAGAACACGGCTAC-10,Mix
CGGGCATTCCCATTTA-10,Mix
CGGTCAGCACCGGAAA-10,Mix
CGTCCATGTTGGGTAG-10,Mix
CTAAGTGCAATCGCGC-10,Mix
CTACATTCATCCGTTC-10,Mix
CTACCTGCATTGGGAG-10,Mix
CTACTATGTTGCTCAA-10,Mix
CTATCTAGTGCGACAA-10,Mix
CTCAATTAGGCTGTAG-10,Mix
CTCCAACAGTCGCCAC-10,Mix
CTCCAACGTATCGGTT-10,Mix
CTCCAACGTGGACCTC-10,Mix
CTCTCGAGTGTTGAGG-10,Mix
CTGCATCTCTGTGCAA-10,Mix
CTGCGAGCACGGTGAA-10,Mix
CTGGCAGGTCATCGCG-10,Mix
CTGTACCGTCTGTGAT-10,Mix
CTGTGAATCACCTTGC-10,Mix
CTTAGGACAACCACAT-10,Mix
CTTCTCTCATGTAACC-10,Mix
CTTGATTAGTTTCGGT-10,Mix
GAACACTCATCATTTC-10,Mix
GAACGTTCACCAACAT-10,Mix
GAAGAATGTTAACCTG-10,Mix
GACCAATTCTTTGCGC-10,Mix
GACTGATGTCCCTCAT-10,Mix
GAGGCCTGTTTAAGGA-10,Mix
GAGTCATCAGCTTCCT-10,Mix
GAGTCATTCCGATGCG-10,Mix
GAGTCTAGTTCCCAAA-10,Mix
GAGTTGTGTTCTCTCG-10,Mix
GAGTTGTTCTGCTTTA-10,Mix
GATAGAAGTTAACAGA-10,Mix
GATCATGCAGTAGTGG-10,Mix
GATGACTCACTGGCCA-10,Mix
GATGAGGAGTCCCGAC-10,Mix
GATGGAGAGGCTTTCA-10,Mix
GATTCGATCTGCGATA-10,Mix
GCAACATGTAGCACAG-10,Mix
GCAACATTCTTAGCCC-10,Mix
GCACGGTTCTTTGCGC-10,Mix
GCCATTCAGGCACTCC-10,Mix
GCCGATGAGATTGCGG-10,Mix
GCGATCGCAACCTATG-10,Mix
GCGATCGCAGGACTTT-10,Mix
GCGGATCCATACGCAT-10,Mix
GGCGTCACATTCTGTT-10,Mix
GGCTTGGAGATGTTCC-10,Mix
GGGAAGTTCCAGCCTT-10,Mix
GGGAGTACACTGGAAG-10,Mix
GGGATCCCAAAGGCGT-10,Mix
GGGATCCCAATAGTGA-10,Mix
GGGCTCAGTGTTGAGG-10,Mix
GGGTCTGAGTGATGGC-10,Mix
GGGTCTGCACATAACC-10,Mix
GGGTGAAAGGTAGCCA-10,Mix
GGGTTTAGTGGTCTCG-10,Mix
GGTAATCAGAACCCGA-10,Mix
GGTAATCTCGACCTAA-10,Mix
GGTCTGGAGAGGGCGA-10,Mix
GGTGAAGGTTGTGGAG-10,Mix
GGTTGTAAGCCTCTCT-10,Mix
GTAACACGTATCCTCC-10,Mix
GTAACCACAGCGAGTA-10,Mix
GTAATCGTCATTGTGG-10,Mix
GTAATGCAGTCCGCGT-10,Mix
GTACAGTAGAACAGGA-10,Mix
GTAGAAACAATGAAAC-10,Mix
GTAGATCTCGTTCCCA-10,Mix
GTAGCTACAAACGGCA-10,Mix
GTAGGAGCATTCTGTT-10,Mix
GTAGTACTCGGCTGAC-10,Mix
GTATTTCTCTGAGAGG-10,Mix
GTCACGGCACGAGAAC-10,Mix
GTCACGGTCGACATAC-10,Mix
GTCCCATGTAACTTCG-10,Mix
GTCTACCTCGCACGAC-10,Mix
GTCTGTCAGAGTTCGG-10,Mix
GTGACGCGTTTGTTGG-10,Mix
GTGCTTCGTAGAGCTG-10,Mix
GTGGAGATCCGCATAA-10,Mix
GTGTGGCCAGACCAAG-10,Mix
GTTACAGCAAATACGA-10,Mix
GTTCTATTCGGAGCAA-10,Mix
GTTGAACGTTAGGCCC-10,Mix
GTTGCTCCAGCTTCGG-10,Mix
GTTGTGACAACCTATG-10,Mix
GTTTGGATCCAGCCTT-10,Mix
TAACGACCACAACATC-10,Mix
TACCCACGTAGCTCGC-10,Mix
TACCTGCTCAAGAGTA-10,Mix
TACGCTCAGCACCCAC-10,Mix
TACGGTACACGCACCA-10,Mix
TACTGCCAGTATAACG-10,Mix
TACTGCCGTGGATACG-10,Mix
TACTGCCTCATTCCTA-10,Mix
TACTTCATCCTACGGG-10,Mix
TACTTCATCGTGTCAA-10,Mix
TACTTGTTCGTTAGTG-10,Mix
TAGAGTCAGAGTGACC-10,Mix
TAGAGTCGTGCCGTTG-10,Mix
TATATCCCATGCCATA-10,Mix
TATCGCCCACACCAGC-10,Mix
TCACAAGCAAGCACCC-10,Mix
TCACGCTAGACCAAGC-10,Mix
TCAGGGCGTTGCTAGT-10,Mix
TCAGTGAAGGAGAGGC-10,Mix
TCATCATCAGAATTCC-10,Mix
TCATCATGTTCAGGTT-10,Mix
TCATTCAAGGCATTTC-10,Mix
TCCAGAATCGTCTAAG-10,Mix
TCCATCGCACGCTATA-10,Mix
TCCGATCGTTTATGCG-10,Mix
TCGACCTGTAACATCC-10,Mix
TCGCTCATCTGTCAGA-10,Mix
TCGGATATCATTCCTA-10,Mix
TCGGTCTTCGCTGTCT-10,Mix
TCGTAGATCAACCCGG-10,Mix
TCGTCCAGTCGGTGTC-10,Mix
TCTCCGATCAAGAAAC-10,Mix
TCTGCCAAGTAGGTTA-10,Mix
TCTGTCGGTTTCACTT-10,Mix
TCTGTCGTCAGCTTGA-10,Mix
TCTTGCGAGTTCCGGC-10,Mix
TGAGACTCATGACACT-10,Mix
TGAGGTTTCCTCGATC-10,Mix
TGATCTTTCTTAGCAG-10,Mix
TGATGGTTCTTCACAT-10,Mix
TGCAGATAGTCTGTAC-10,Mix
TGCGACGGTAGTCACT-10,Mix
TGCTCCAGTAATTGGA-10,Mix
TGGGAAGCAGTTGTTG-10,Mix
TGGGATTTCCCATGGG-10,Mix
TGGGCTGAGATCCCAT-10,Mix
TGGGTTATCAAGAGGC-10,Mix
TGGTACAAGTAATCCC-10,Mix
TGGTACATCAACTCTT-10,Mix
TGTGCGGCAAAGCTCT-10,Mix
TGTTACTGTGAAAGTT-10,Mix
TGTTCATCAAGAAACT-10,Mix
TTACCATCACGTCGTG-10,Mix
TTATTGCAGTTTCGAC-10,Mix
TTCAGGAAGCCTTTGA-10,Mix
TTCCACGCAGCGGATA-10,Mix
TTCCTAATCGGCTGAC-10,Mix
TTCTAACAGAAGTCAT-10,Mix
TTCTAGTTCAGCCTCT-10,Mix
TTGAGTGCAAATGATG-10,Mix
TTTACCAAGATGCTTC-10,Mix
TTTCAGTGTAAGAACT-10,Mix
ACTTTCAGTTGCGAAG-11,Mix
ATACCGAAGATGGTAT-11,Mix
CCCGGAATCTTACGGA-11,Mix
CGTCCATAGCAGCACA-11,Mix
CTCTCGACAGCACAGA-11,Mix
GATCCCTGTCTCTCAC-11,Mix
TACGGGCCATAGTCAC-11,Mix
TCATCATTCTTCGTAT-11,Mix
TCTAACTAGCTGACAG-11,Mix
AAACCCAGTCGTTTCC-12,Mix
AAACCCATCCCGAGTG-12,Mix
AAACGCTGTTGACGGA-12,Mix
AAAGGATAGTGCGCTC-12,Mix
AAAGGGCCACAGCGCT-12,Mix
AAAGGTATCCTAGCGG-12,Mix
AACAAAGGTACGGCAA-12,Mix
AACAACCTCGCTAGCG-12,Mix
AACCACACAAGTGGGT-12,Mix
AACCACATCAGACTGT-12,Mix
AACCATGCACTTGTGA-12,Mix
AACCTGAAGCTTTCTT-12,Mix
AACCTTTAGCTAATCC-12,Mix
AACGAAAGTCAAGCGA-12,Mix
AACGGGATCCACCTCA-12,Mix
AAGAACAGTTCCGCAG-12,Mix
AAGATAGTCTAGTCAG-12,Mix
AAGCCATTCGAGTTGT-12,Mix
AAGCCATTCTATGCCC-12,Mix
AAGCGAGGTTCAAAGA-12,Mix
AAGGAATCACGTAACT-12,Mix
AATCGACCACCTCAGG-12,Mix
AATCGTGCAATGCTCA-12,Mix
AATGCCACAGCCCACA-12,Mix
AATGGAAAGCAGATAT-12,Mix
AATGGCTGTCTGCAAT-12,Mix
AATTTCCCAGTAGAGC-12,Mix
ACACAGTCAATTTCTC-12,Mix
ACAGAAACATACTGTG-12,Mix
ACAGCCGTCTACGGTA-12,Mix
ACATGCAGTGCTTCAA-12,Mix
ACATGCATCGCCGTGA-12,Mix
ACATTTCTCTACTTCA-12,Mix
ACCATTTCATGCCGCA-12,Mix
ACCTGAACAGACTCTA-12,Mix
ACCTGTCCAAAGAACT-12,Mix
ACGATCAGTTGTGCAT-12,Mix
ACGGAAGAGTTACTCG-12,Mix
ACGGAAGAGTTGCGCC-12,Mix
ACGTACAGTCACGTGC-12,Mix
ACGTTCCAGCTGAAGC-12,Mix
ACTATCTAGAGATTCA-12,Mix
ACTATGGTCGGTTGTA-12,Mix
ACTATGGTCTTGCAAG-12,Mix
ACTATTCGTGCTCTTC-12,Mix
ACTCTCGTCGGCACTG-12,Mix
ACTGCAAAGGACACTG-12,Mix
ACTGTGATCCCGTGAG-12,Mix
ACTTCCGGTGGTCTGC-12,Mix
ACTTTGTAGGAATCGC-12,Mix
AGAACAAAGGCTTTCA-12,Mix
AGAAGTAGTAGACGTG-12,Mix
AGAGAGCTCCGCTGTT-12,Mix
AGATAGACATCCCACT-12,Mix
AGATCCAGTCACATTG-12,Mix
AGATGAATCCATACAG-12,Mix
AGCGCCACACATAGCT-12,Mix
AGCGTATCACACGGAA-12,Mix
AGCGTATCACTCCCTA-12,Mix
AGCTTCCCACTTTAGG-12,Mix
AGCTTCCGTACCTGTA-12,Mix
AGGAAATCAGACACAG-12,Mix
AGGATAATCAGACCTA-12,Mix
AGGCATTTCGGCTGAC-12,Mix
AGGGAGTCAATCTCGA-12,Mix
AGTAACCAGTCTCGTA-12,Mix
AGTGTTGGTTAAGCAA-12,Mix
ATACTTCCATCCTCAC-12,Mix
ATAGACCCATGGCCCA-12,Mix
ATATCCTAGTCATAGA-12,Mix
ATCAGGTGTTTCGACA-12,Mix
ATCCGTCTCTCTCCGA-12,Mix
ATCCTATAGTGTGTTC-12,Mix
ATCGGCGAGCACTAAA-12,Mix
ATCGGCGTCTACACTT-12,Mix
ATCTTCAAGCTGAAGC-12,Mix
ATGCATGGTGTCATCA-12,Mix
ATGCGATCAGACCGCT-12,Mix
ATGGAGGGTACCAGAG-12,Mix
ATGGTTGTCTACTGCC-12,Mix
ATTATCCAGGTTCTAC-12,Mix
ATTATCCCATTGTCGA-12,Mix
ATTCATCCAAGAGTGC-12,Mix
ATTCATCGTGATGTAA-12,Mix
ATTCCTATCATGAGTC-12,Mix
ATTGGGTGTCTCTCCA-12,Mix
ATTGTTCCACCGAATT-12,Mix
CAACAACTCCCTCTAG-12,Mix
CAACGATGTTTAAGGA-12,Mix
CAAGAGGCACCTCTGT-12,Mix
CAATTTCGTCGTCGGT-12,Mix
CACAACAAGCACTCAT-12,Mix
CACCAAATCGCTCTAC-12,Mix
CACCGTTTCTGGTGGC-12,Mix
CACTGTCGTATGGAAT-12,Mix
CAGAGCCCAGCCGTCA-12,Mix
CAGTTCCGTTGCCGAC-12,Mix
CATAAGCTCCGTAATG-12,Mix
CATACCCTCACTGATG-12,Mix
CATCAAGAGTGTGTTC-12,Mix
CATGAGTCACCCTTGT-12,Mix
CATGGATAGTAGTGCG-12,Mix
CATTCTAAGATCCGAG-12,Mix
CATTGCCTCGGAATTC-12,Mix
CATTGTTTCCACTTCG-12,Mix
CATTTCATCTACTATC-12,Mix
CCAAGCGAGGTGGGTT-12,Mix
CCAATGATCGGTCACG-12,Mix
CCACCATCAGGCACAA-12,Mix
CCACGTTTCATTGAGC-12,Mix
CCATAAGTCAGTGTCA-12,Mix
CCATAAGTCTGATGGT-12,Mix
CCCGAAGGTCCACTCT-12,Mix
CCCTCAAGTGAGATAT-12,Mix
CCCTCAATCTACACAG-12,Mix
CCCTTAGTCGCACGAC-12,Mix
CCCTTAGTCTATTTCG-12,Mix
CCGCAAGCAGTATGAA-12,Mix
CCGGGTACAGAACGCA-12,Mix
CCGTAGGAGAAACTCA-12,Mix
CCTAAGAGTCAGCTTA-12,Mix
CCTACGTCATCTATCT-12,Mix
CCTCATGCAAACGGCA-12,Mix
CCTCATGGTTGACGGA-12,Mix
CCTCCAACATGGGAAC-12,Mix
CCTCCAAGTCTTACAG-12,Mix
CCTCTCCAGGTGCTGA-12,Mix
CCTCTCCTCCTCTCGA-12,Mix
CCTTGTGAGGAGAATG-12,Mix
CGAAGTTTCTCGGCTT-12,Mix
CGAATTGGTGACTCTA-12,Mix
CGAGGCTAGAAACTAC-12,Mix
CGATGGCAGGCTCACC-12,Mix
CGATGGCCAATCGTCA-12,Mix
CGATGGCCATACAGGG-12,Mix
CGCATGGTCTTCGTAT-12,Mix
CGGACACAGGACAACC-12,Mix
CGGACACTCCGTATGA-12,Mix
CGGAGAATCCATTCAT-12,Mix
CGGCAGTTCTACGCGG-12,Mix
CGGGTGTCATTCAGCA-12,Mix
CGTCAAATCTCGGTAA-12,Mix
CGTGATAGTACCTAAC-12,Mix
CGTTGGGGTCAACCTA-12,Mix
CTACAGACACAAGTGG-12,Mix
CTACCTGCATGCCATA-12,Mix
CTAGACAAGTAACCTC-12,Mix
CTATAGGAGGAGTCTG-12,Mix
CTATCCGAGAAACCCG-12,Mix
CTATCTAAGAGAGCGG-12,Mix
CTCAACCAGCCGAATG-12,Mix
CTCAAGACAAAGACGC-12,Mix
CTCAGTCTCAACGAGG-12,Mix
CTCATCGTCTCCCAAC-12,Mix
CTCCAACCACGAGGAT-12,Mix
CTCCATGGTACCTTCC-12,Mix
CTGAATGGTCCATACA-12,Mix
CTGAATGTCGCAGATT-12,Mix
CTGAGGCTCTGGCTGG-12,Mix
CTGCCTACATACTGTG-12,Mix
CTGCGAGTCAAGTGGG-12,Mix
CTGTAGAGTGACTAAA-12,Mix
CTGTCGTGTCAGACTT-12,Mix
CTTACCGAGTATAGAC-12,Mix
CTTCAATTCTGACAGT-12,Mix
CTTCCGATCGGACCAC-12,Mix
CTTCTAATCCGGACTG-12,Mix
CTTTCGGGTGTCTCCT-12,Mix
GAACTGTAGGTGCCTC-12,Mix
GAAGAATTCTCCTGAC-12,Mix
GAAGGACAGTGTACCT-12,Mix
GAAGGGTAGAATCGAT-12,Mix
GAAGGGTGTACGATCT-12,Mix
GAAGTAACAACATACC-12,Mix
GAAGTAACATAGGTAA-12,Mix
GAATCACCAGCGTGCT-12,Mix
GACATCAAGCCGGATA-12,Mix
GACGTTACAGCATGCC-12,Mix
GACGTTATCTCGACCT-12,Mix
GACTATGAGTTGCGAG-12,Mix
GACTATGGTCGCGTCA-12,Mix
GACTCAAGTACTTGTG-12,Mix
GACTCTCGTCCAGCCA-12,Mix
GACTGATTCAGAGCAG-12,Mix
GACTGATTCCATCTGC-12,Mix
GAGCTGCGTCTCGGGT-12,Mix
GAGGCCTCAAGACGGT-12,Mix
GAGGGTAAGTGTTGTC-12,Mix
GAGGGTACAACAGAGC-12,Mix
GAGTTACGTTACGTAC-12,Mix
GATCATGCAGTTTGGT-12,Mix
GATCATGTCGGCTATA-12,Mix
GATCGTATCCCTCAAC-12,Mix
GATGACTCATAGATCC-12,Mix
GATGACTTCCATTTAC-12,Mix
GATGAGGGTAAGGCCA-12,Mix
GATGGAGAGGTAGCCA-12,Mix
GATGGAGAGTATTGCC-12,Mix
GATGGAGGTAGTTAGA-12,Mix
GATTCGACATGACGGA-12,Mix
GCAACATTCTGACAGT-12,Mix
GCAACCGGTCTGTAAC-12,Mix
GCAACCGTCACACCCT-12,Mix
GCAACCGTCCTACGGG-12,Mix
GCACATAGTGCTCCGA-12,Mix
GCACGGTTCCGATTAG-12,Mix
GCACGTGCATCTAACG-12,Mix
GCACTAATCAGTCATG-12,Mix
GCAGGCTCACTTCTCG-12,Mix
GCATCTCCAAGGATGC-12,Mix
GCCAGCAGTTGCGTAT-12,Mix
GCCCAGATCGCCTTTG-12,Mix
GCGGAAATCTTCTTCC-12,Mix
GCGTTTCAGGCAGGGA-12,Mix
GCTCAAATCCGTGCGA-12,Mix
GGAACCCTCGTTCGCT-12,Mix
GGAATCTGTAATGCGG-12,Mix
GGACGTCCAAGAGTGC-12,Mix
GGAGAACCACTGTTCC-12,Mix
GGAGATGAGTAGATCA-12,Mix
GGCTGTGGTTCGTTCC-12,Mix
GGGAGATGTTAGAAAC-12,Mix
GGGCGTTTCGAACGGA-12,Mix
GGGTCTGTCAGAATAG-12,Mix
GGGTGTCGTGAGTTTC-12,Mix
GGTCTGGCAGGTATGG-12,Mix
GGTTAACAGTAACCGG-12,Mix
GGTTAACCACTACACA-12,Mix
GTAAGTCGTCACTCGG-12,Mix
GTAAGTCTCAGACCCG-12,Mix
GTAATGCCATAAGCGG-12,Mix
GTAGAGGTCGGCACTG-12,Mix
GTAGCTAGTGACATCT-12,Mix
GTAGCTAGTGCCTAAT-12,Mix
GTAGTACAGATACTGA-12,Mix
GTCAGCGTCAAATGCC-12,Mix
GTCATTTCACAATTCG-12,Mix
GTCCCATGTCTTGCTC-12,Mix
GTCCTCAGTAAGCAAT-12,Mix
GTCCTCATCACGATAC-12,Mix
GTCGCGATCGAGGCAA-12,Mix
GTCGTTCTCAACGTGT-12,Mix
GTCTACCCATCCGTGG-12,Mix
GTGGAAGCAACAGATA-12,Mix
GTGGAAGGTACATTGC-12,Mix
GTGGAAGTCTTACGTT-12,Mix
GTGGAGACAGTTTCAG-12,Mix
GTGTGATCATGGCCAC-12,Mix
GTGTTAGCATCATGAC-12,Mix
GTTCCGTAGCCGAATG-12,Mix
GTTGTGACATAATGCC-12,Mix
TAACACGCACGAAAGC-12,Mix
TAAGCACGTAAGCAAT-12,Mix
TAAGCACTCATTTGCT-12,Mix
TACAGGTAGCTCGACC-12,Mix
TACAGGTCATGGACAG-12,Mix
TACAGGTTCGCTCCTA-12,Mix
TACCGGGCAATACGCT-12,Mix
TACCGGGGTCTTGCTC-12,Mix
TAGACCAAGGCACTCC-12,Mix
TAGACTGCACCGTCTT-12,Mix
TAGAGTCCAATGGCCC-12,Mix
TAGGGTTAGCTTGTTG-12,Mix
TAGGTACAGGGACTGT-12,Mix
TATCGCCGTCTGGTTA-12,Mix
TATTGCTTCTCAGAAC-12,Mix
TCAAGACAGAGTCACG-12,Mix
TCAAGACCACATTACG-12,Mix
TCACACCCATAGCACT-12,Mix
TCACATTCACTTACAG-12,Mix
TCACTATGTCCGGTGT-12,Mix
TCACTATTCCGGCAAC-12,Mix
TCAGCAAGTGAGCGAT-12,Mix
TCAGTGAAGTGAGCCA-12,Mix
TCATGAGAGTCGAGGT-12,Mix
TCATGAGTCGCCTATC-12,Mix
TCCAGAATCGCTAAAC-12,Mix
TCCCACATCCTTATAC-12,Mix
TCCCAGTCATGTGGCC-12,Mix
TCCGGGATCCGGGACT-12,Mix
TCCTAATCAGGCGATA-12,Mix
TCCTCTTCATTCTCTA-12,Mix
TCGACCTCACCAGCTG-12,Mix
TCGACCTTCTCCGTGT-12,Mix
TCGATTTAGTTTGCTG-12,Mix
TCGCACTTCTCGACGG-12,Mix
TCGCAGGGTTCTGACA-12,Mix
TCGCTCACATCCGAAT-12,Mix
TCGCTCAGTAGCACGA-12,Mix
TCGGGCAAGAATTGTG-12,Mix
TCGGGTGTCAAACGAA-12,Mix
TCTAACTTCATTCCTA-12,Mix
TCTATACCACTCCGGA-12,Mix
TCTCACGAGGGAGTGG-12,Mix
TCTGGCTGTTCTTCAT-12,Mix
TCTTTGAGTTACGGAG-12,Mix
TGAATCGAGGTTAGTA-12,Mix
TGAATGCTCCGCTAGG-12,Mix
TGACGCGAGATCGCCC-12,Mix
TGAGACTGTTACGGAG-12,Mix
TGATGCACAACCACGC-12,Mix
TGATGGTAGGCGACAT-12,Mix
TGATTCTCACACTTAG-12,Mix
TGCACGGCAACAGAGC-12,Mix
TGCACGGCATCGCTCT-12,Mix
TGCAGGCCATTCCTCG-12,Mix
TGCATCCCATGAAGGC-12,Mix
TGCATGAGTACAAGCG-12,Mix
TGCATGAGTAGCGAGT-12,Mix
TGCCGAGCAACTCCAA-12,Mix
TGCTCCATCACAGAGG-12,Mix
TGCTCCATCTGTCCGT-12,Mix
TGGAGAGCAATGGCAG-12,Mix
TGGATGTTCATCGCAA-12,Mix
TGGCGTGGTACGTGAG-12,Mix
TGGGAGAGTACAAACA-12,Mix
TGGTGATGTATCGAAA-12,Mix
TGGTTAGCAAGTGGCA-12,Mix
TGTAGACCATCTGGGC-12,Mix
TGTGCGGCAGGCGATA-12,Mix
TGTGGCGAGCTAGAAT-12,Mix
TGTTCCGAGCCTGTGC-12,Mix
TGTTCTATCAACGTGT-12,Mix
TGTTCTATCAAGTGTC-12,Mix
TGTTGAGGTGCTCTCT-12,Mix
TGTTGAGTCTACGCGG-12,Mix
TGTTTGTCACACCAGC-12,Mix
TTACAGGTCGCAGTGC-12,Mix
TTACCGCAGGGTCACA-12,Mix
TTACGTTAGTTGGAAT-12,Mix
TTACTGTGTACTCGTA-12,Mix
TTAGGCACATTGCCTC-12,Mix
TTAGGGTCATCATTGG-12,Mix
TTATTGCCACGAAGAC-12,Mix
TTATTGCTCTCTCGAC-12,Mix
TTCACCGCAAGTCCCG-12,Mix
TTCATGTCAAATGGTA-12,Mix
TTCATTGCACATACTG-12,Mix
TTCCTAATCATGCATG-12,Mix
TTCGCTGTCTTTCGAT-12,Mix
TTCTAACAGGCTGAAC-12,Mix
TTCTAGTAGCTTTGTG-12,Mix
TTCTAGTCATTCTTCA-12,Mix
TTCTCTCCAGAACTTC-12,Mix
TTGAGTGAGTGTTCCA-12,Mix
TTGCCTGCACTGCATA-12,Mix
TTGGATGAGATAGGGA-12,Mix
TTGGGATTCGTCAAAC-12,Mix
TTTACGTCAGCAGACA-12,Mix
TTTCACATCGCTAGCG-12,Mix
TTTCAGTAGGCGAACT-12,Mix
TTTCAGTCATGAGAAT-12,Mix
TTTCATGAGCCGTAAG-12,Mix
TTTGACTCACTTCAAG-12,Mix
TTTGGTTGTCGAAACG-12,Mix
TTTGTTGCACCCTTAC-12,Mix
TTTGTTGCAGCGGATA-12,Mix
AAAGGTACATGCGGTC-13,Mix
AAGGAATTCCGACATA-13,Mix
AATCACGCAGTATGAA-13,Mix
AATTTCCCATGCGGTC-13,Mix
AGTCATGAGAGACAAG-13,Mix
ATGATCGCACAACATC-13,Mix
CCGATGGGTTGGGTAG-13,Mix
CTGATCCTCCCGAGAC-13,Mix
GAGTCATCACAACGAG-13,Mix
GGGACTCCACAAGTTC-13,Mix
GGTCACGTCTGATGGT-13,Mix
GTTACGAGTCTGCCTT-13,Mix
GTTTGGAGTAGTCGTT-13,Mix
TACCTCGGTCGCACAC-13,Mix
TAGCACAGTCTGTAAC-13,Mix
TCTATACTCCCTGTTG-13,Mix
TGATTTCCACTGTGTA-13,Mix
TGGAGGACACCGCTAG-13,Mix
TGGCGTGTCCGTGGCA-13,Mix
TGTGAGTTCTATTTCG-13,Mix
TTAATCCGTAAGTCAA-13,Mix
TTGCGTCTCTTGTGCC-13,Mix
TTGGATGAGTGGGAAA-13,Mix
TTTCAGTGTGCATGAG-13,Mix
TTTCATGTCGGAATTC-13,Mix
TTTGTTGTCCACTAGA-13,Mix
AAACCCAGTTTAAGGA-14,Mix
AAGAACACAACAAGTA-14,Mix
AAGACAAGTTACACTG-14,Mix
ACACGCGAGGCACTAG-14,Mix
ACCCTCATCGACCAAT-14,Mix
ACGCACGGTGCTAGCC-14,Mix
ACGTACATCTGAATCG-14,Mix
ACTCTCGCACTTACAG-14,Mix
ACTGCAACAATGCAGG-14,Mix
ACTGTGACACTGGCGT-14,Mix
AGAACAACACTATCGA-14,Mix
AGACAAAGTCGACTGC-14,Mix
AGACAGGGTACACTCA-14,Mix
AGCTCAAAGTCGCCCA-14,Mix
AGGCTGCGTAGCTTAC-14,Mix
AGGGTCCAGGCCGCTT-14,Mix
AGGTGTTAGAGGCCAT-14,Mix
AGTGATCGTCTGTTAG-14,Mix
CAATACGAGAGCGACT-14,Mix
CAGATACTCGTACACA-14,Mix
CAGGTATAGTTACGAA-14,Mix
CATGCAATCCTTGGAA-14,Mix
CATGGATAGGCTGAAC-14,Mix
CATTCTATCGTTATCT-14,Mix
CCCGAAGCATGACTAC-14,Mix
CCTACGTCAAACGTGG-14,Mix
CCTCCTCTCTGAGTCA-14,Mix
CGGGCATCACCTGATA-14,Mix
CGTGCTTTCCTGTAGA-14,Mix
CGTTGGGTCCGCACTT-14,Mix
CTAACCCGTGTGTCCG-14,Mix
CTCCAACCAGGTTTAC-14,Mix
CTCGAGGCAAGAGTGC-14,Mix
CTTCTAAAGATCCCGC-14,Mix
GAAGGACGTCAACCTA-14,Mix
GAATCACAGCTACAAA-14,Mix
GAGTCTATCGAACTCA-14,Mix
GATCGTACACTGTTCC-14,Mix
GCAGTTACACAGCTTA-14,Mix
GCCAGTGCATAGATGA-14,Mix
GCCCAGAAGCTTTCTT-14,Mix
GCTTTCGTCTTTCCGG-14,Mix
GGGTGTCAGCCATTCA-14,Mix
GGGTTTAAGCGCTTCG-14,Mix
GGTAATCGTATGCGGA-14,Mix
GTACAACCACTTGGCG-14,Mix
GTCACGGTCTTGCAGA-14,Mix
GTCTGTCAGACGCTCC-14,Mix
GTGTTCCCACCTGCTT-14,Mix
GTTTACTCAATTCTTC-14,Mix
TCACAAGAGCATCCCG-14,Mix
TCCACCACAGGTTCCG-14,Mix
TCGTAGAAGGGAGTGG-14,Mix
TCTCCGACAAGGTCAG-14,Mix
TGAATGCCATCGGATT-14,Mix
TGAGCGCCACTCCCTA-14,Mix
TGATCTTTCGAGTACT-14,Mix
TGCATGACAACTTGCA-14,Mix
TGCGATAAGGCGCTCT-14,Mix
TTCCTCTAGAGAGAAC-14,Mix
TTCTAGTAGAATTGTG-14,Mix
TTGTGGAAGGGAGTTC-14,Mix
TTTAGTCAGCCTAACT-14,Mix
TTTGACTCAATGAAAC-14,Mix
TTTGGAGCACTAGGTT-14,Mix
